action,trade_number,price,type,base_amount,quote_amount,quantity,trading_fee,date,quote_balance,base_balance,base_debt
sell,1,13752.26,short,0.727153209726983,10000.0,100,0.0007271532097269831,2020-10-31 09:00:00,10000.0,0.0,0.727153209726983
buy,1,13782.02,short,0.727153209726983,10000.0,100,9.978359920478525,2020-11-01 02:00:00,9968.381560558046,0.0,0.0
buy,2,13782.02,long,0.722565573043537,9968.381560558046,100,9.968381560558045,2020-11-01 02:00:00,9958.413178997487,0.722565573043537,0.0
sell,2,13820.0,long,0.722565573043537,9968.381560558046,100,9.985883689972656,2020-11-01 16:00:00,9975.897806282683,0.0,0.0
sell,3,13820.0,short,0.721844993218718,9975.897806282683,100,0.000721844993218718,2020-11-01 16:00:00,9975.897806282683,0.0,0.721844993218718
buy,3,13760.67,short,0.721844993218718,9975.897806282683,100,10.018724869730349,2020-11-02 02:00:00,10008.706144860618,0.0,0.0
buy,4,13760.67,long,0.726614142968021,10008.706144860618,100,10.008706144860618,2020-11-02 02:00:00,9998.697438715757,0.726614142968021,0.0
sell,4,13626.76,long,0.726614142968021,10008.706144860618,100,9.901299140532727,2020-11-02 22:00:00,9891.397841392194,0.0,0.0
sell,5,13626.76,short,0.7258803883969626,9891.397841392194,100,0.0007258803883969625,2020-11-02 22:00:00,9891.397841392194,0.0,0.7258803883969626
buy,5,13424.7,short,0.7258803883969626,9891.397841392194,100,10.038069232671683,2020-11-03 05:00:00,10028.031163439011,0.0,0.0
buy,6,13424.7,long,0.7462366482882724,10028.031163439011,100,10.028031163439012,2020-11-03 05:00:00,10018.003132275571,0.7462366482882724,0.0
sell,6,13531.29,long,0.7462366482882724,10028.031163439011,100,10.097624117601944,2020-11-03 13:00:00,10087.526493484342,0.0,0.0
sell,7,13531.29,short,0.7454962899682396,10087.526493484342,100,0.0007454962899682396,2020-11-03 13:00:00,10087.526493484342,0.0,0.7454962899682396
buy,7,13609.84,short,0.7454962899682396,10087.526493484342,100,10.028967759907339,2020-11-04 08:00:00,10018.938792147432,0.0,0.0
buy,8,13609.84,long,0.7354178927419635,10018.938792147432,100,10.018938792147432,2020-11-04 08:00:00,10008.919853355284,0.7354178927419635,0.0
sell,8,13927.13,long,0.7354178927419635,10018.938792147432,100,10.242494170860887,2020-11-04 16:00:00,10232.251676690026,0.0,0.0
sell,9,13927.13,short,0.7346992292518291,10232.251676690026,100,0.0007346992292518291,2020-11-04 16:00:00,10232.251676690026,0.0,0.7346992292518291
buy,9,15692.59,short,0.7346992292518291,10232.251676690026,100,8.935169575415092,2020-11-06 14:00:00,8926.234405839676,0.0,0.0
buy,10,15692.59,long,0.5682496115321841,8926.234405839676,100,8.926234405839676,2020-11-06 14:00:00,8917.308171433837,0.5682496115321841,0.0
sell,10,15645.37,long,0.5682496115321841,8926.234405839676,100,8.890448565171026,2020-11-07 01:00:00,8881.558116605855,0.0,0.0
sell,11,15645.37,short,0.5676796468607552,8881.558116605855,100,0.0005676796468607553,2020-11-07 01:00:00,8881.558116605855,0.0,0.5676796468607552
buy,11,15466.64,short,0.5676796468607552,8881.558116605855,100,8.983019499889279,2020-11-07 08:00:00,8974.03648038939,0.0,0.0
buy,12,15466.64,long,0.5796386573883533,8974.03648038939,100,8.97403648038939,2020-11-07 08:00:00,8965.062443909,0.5796386573883533,0.0
sell,12,15046.65,long,0.5796386573883533,8974.03648038939,100,8.721376318066623,2020-11-08 10:00:00,8712.654941748557,0.0,0.0
sell,13,15046.65,short,0.5790428395522297,8712.654941748557,100,0.0005790428395522297,2020-11-08 10:00:00,8712.654941748557,0.0,0.5790428395522297
buy,13,15326.68,short,0.5790428395522297,8712.654941748557,100,8.550505575388746,2020-11-09 08:00:00,8541.955069813357,0.0,0.0
buy,14,15326.68,long,0.5567685313938533,8541.955069813357,100,8.541955069813357,2020-11-09 08:00:00,8533.413114743544,0.5567685313938533,0.0
sell,14,15486.96,long,0.5567685313938533,8541.955069813357,100,8.62274130314375,2020-11-09 11:00:00,8614.118561840607,0.0,0.0
sell,15,15486.96,short,0.5562175250559572,8614.118561840607,100,0.0005562175250559573,2020-11-09 11:00:00,8614.118561840607,0.0,0.5562175250559572
buy,15,15085.11,short,0.5562175250559572,8614.118561840607,100,8.837634574284342,2020-11-09 15:00:00,8828.796939710059,0.0,0.0
buy,16,15085.11,long,0.5846803995973744,8828.796939710059,100,8.82879693971006,2020-11-09 15:00:00,8819.968142770349,0.5846803995973744,0.0
sell,16,15316.73,long,0.5846803995973744,8828.796939710059,100,8.955527376158482,2020-11-10 01:00:00,8946.571848782323,0.0,0.0
sell,17,15316.73,short,0.5841045607503902,8946.571848782323,100,0.0005841045607503902,2020-11-10 01:00:00,8946.571848782323,0.0,0.5841045607503902
buy,17,15363.46,short,0.5841045607503902,8946.571848782323,100,8.919276642658456,2020-11-10 03:00:00,8910.357366015798,0.0,0.0
buy,18,15363.46,long,0.5793907758180633,8910.357366015798,100,8.910357366015798,2020-11-10 03:00:00,8901.447008649782,0.5793907758180633,0.0
sell,18,15398.26,long,0.5793907758180633,8910.357366015798,100,8.921629990630231,2020-11-10 05:00:00,8912.7083606396,0.0,0.0
sell,19,15398.26,short,0.578812694462855,8912.7083606396,100,0.000578812694462855,2020-11-10 05:00:00,8912.7083606396,0.0,0.578812694462855
buy,19,15304.65,short,0.578812694462855,8912.7083606396,100,8.966891016968267,2020-11-10 12:00:00,8957.9241259513,0.0,0.0
buy,20,15304.65,long,0.5847220421130408,8957.9241259513,100,8.9579241259513,2020-11-10 12:00:00,8948.96620182535,0.5847220421130408,0.0
sell,20,15382.64,long,0.5847220421130408,8957.9241259513,100,8.99461432200993,2020-11-10 23:00:00,8985.61970768792,0.0,0.0
sell,21,15382.64,short,0.584140284612259,8985.61970768792,100,0.000584140284612259,2020-11-10 23:00:00,8985.61970768792,0.0,0.584140284612259
buy,21,15667.92,short,0.584140284612259,8985.61970768792,100,8.818976167293735,2020-11-12 04:00:00,8810.157191126442,0.0,0.0
buy,22,15667.92,long,0.561743169095535,8810.157191126442,100,8.810157191126441,2020-11-12 04:00:00,8801.347033935315,0.561743169095535,0.0
sell,22,15882.69,long,0.561743169095535,8810.157191126442,100,8.922113380708737,2020-11-12 08:00:00,8913.191267328028,0.0,0.0
sell,23,15882.69,short,0.5611890219684467,8913.191267328028,100,0.0005611890219684467,2020-11-12 08:00:00,8913.191267328028,0.0,0.5611890219684467
buy,23,16272.4,short,0.5611890219684467,8913.191267328028,100,8.694490293576704,2020-11-13 13:00:00,8685.795803283127,0.0,0.0
buy,24,16272.4,long,0.533240948322303,8685.795803283127,100,8.685795803283126,2020-11-13 13:00:00,8677.110007479843,0.533240948322303,0.0
sell,24,16340.0,long,0.533240948322303,8685.795803283127,100,8.71319317875771,2020-11-13 23:00:00,8704.479985578952,0.0,0.0
sell,25,16340.0,short,0.5327099134381243,8704.479985578952,100,0.0005327099134381243,2020-11-13 23:00:00,8704.479985578952,0.0,0.5327099134381243
buy,25,16201.46,short,0.5327099134381243,8704.479985578952,100,8.77828161698667,2020-11-14 04:00:00,8769.503335369682,0.0,0.0
buy,26,16201.46,long,0.5407373058992407,8769.503335369682,100,8.769503335369683,2020-11-14 04:00:00,8760.733832034311,0.5407373058992407,0.0
sell,26,16088.79,long,0.5407373058992407,8769.503335369682,100,8.699747973920532,2020-11-15 00:00:00,8691.048225946612,0.0,0.0
sell,27,16088.79,short,0.5401927818031443,8691.048225946612,100,0.0005401927818031444,2020-11-15 00:00:00,8691.048225946612,0.0,0.5401927818031443
buy,27,16048.96,short,0.5401927818031443,8691.048225946612,100,8.712564104445832,2020-11-15 16:00:00,8703.851540341386,0.0,0.0
buy,28,16048.96,long,0.5417888566487202,8703.851540341386,100,8.703851540341386,2020-11-15 16:00:00,8695.147688801044,0.5417888566487202,0.0
sell,28,16022.21,long,0.5417888566487202,8703.851540341386,100,8.680640329526415,2020-11-16 04:00:00,8671.959689196889,0.0,0.0
sell,29,16022.21,short,0.5412461632444519,8671.959689196889,100,0.0005412461632444518,2020-11-16 04:00:00,8671.959689196889,0.0,0.5412461632444519
buy,29,16722.43,short,0.5412461632444519,8671.959689196889,100,8.292968300769859,2020-11-17 09:00:00,8284.675332469089,0.0,0.0
buy,30,16722.43,long,0.4949275109620205,8284.675332469089,100,8.284675332469089,2020-11-17 09:00:00,8276.39065713662,0.4949275109620205,0.0
sell,30,16781.73,long,0.4949275109620205,8284.675332469089,100,8.305769237116646,2020-11-17 11:00:00,8297.46346787953,0.0,0.0
sell,31,16781.73,short,0.4944343323292372,8297.46346787953,100,0.0004944343323292372,2020-11-17 11:00:00,8297.46346787953,0.0,0.4944343323292372
buy,31,17922.07,short,0.4944343323292372,8297.46346787953,100,7.733640221351209,2020-11-18 18:00:00,7725.906581129857,0.0,0.0
buy,32,17922.07,long,0.43065230046243136,7725.906581129857,100,7.725906581129857,2020-11-18 18:00:00,7718.180674548727,0.43065230046243136,0.0
sell,32,17919.42,long,0.43065230046243136,7725.906581129857,100,7.717038303581534,2020-11-19 06:00:00,7709.321265277952,0.0,0.0
sell,33,17919.42,short,0.43022158447527614,7709.321265277952,100,0.0004302215844752762,2020-11-19 06:00:00,7709.321265277952,0.0,0.43022158447527614
buy,33,17533.41,short,0.43022158447527614,7709.321265277952,100,7.875391099101253,2020-11-19 09:00:00,7867.515708002152,0.0,0.0
buy,34,17533.41,long,0.44826694820312474,7867.515708002152,100,7.867515708002152,2020-11-19 09:00:00,7859.648192294149,0.44826694820312474,0.0
sell,34,18140.06,long,0.44826694820312474,7867.515708002152,100,8.13186154977906,2020-11-19 15:00:00,8123.729688229281,0.0,0.0
sell,35,18140.06,short,0.44783367244812206,8123.729688229281,100,0.00044783367244812205,2020-11-19 15:00:00,8123.729688229281,0.0,0.44783367244812206
buy,35,18797.3,short,0.44783367244812206,8123.729688229281,100,7.829395485349478,2020-11-21 09:00:00,7821.566089864128,0.0,0.0
buy,36,18797.3,long,0.4156844080678749,7821.566089864128,100,7.821566089864128,2020-11-21 09:00:00,7813.744523774264,0.4156844080678749,0.0
sell,36,18829.54,long,0.4156844080678749,7821.566089864128,100,7.827159604170769,2020-11-21 16:00:00,7819.3324445665985,0.0,0.0
sell,37,18829.54,short,0.41526943539601063,7819.3324445665985,100,0.00041526943539601065,2020-11-21 16:00:00,7819.3324445665985,0.0,0.41526943539601063
buy,37,18724.18,short,0.41526943539601063,7819.3324445665985,100,7.863085232279923,2020-11-22 00:00:00,7855.2221470476425,0.0,0.0
buy,38,18724.18,long,0.4191033692744139,7855.2221470476425,100,7.855222147047643,2020-11-22 00:00:00,7847.366924900595,0.4191033692744139,0.0
sell,38,18526.45,long,0.4191033692744139,7855.2221470476425,100,7.764414663432498,2020-11-22 19:00:00,7756.650248769065,0.0,0.0
sell,39,18526.45,short,0.41867979287823975,7756.650248769065,100,0.00041867979287823977,2020-11-22 19:00:00,7756.650248769065,0.0,0.41867979287823975
buy,39,18481.24,short,0.41867979287823975,7756.650248769065,100,7.77557876220509,2020-11-23 05:00:00,7767.803183442884,0.0,0.0
buy,40,18481.24,long,0.4198871601829445,7767.803183442884,100,7.767803183442884,2020-11-23 05:00:00,7760.035380259441,0.4198871601829445,0.0
sell,40,18474.9,long,0.4198871601829445,7767.803183442884,100,7.7573706309145365,2020-11-23 08:00:00,7749.6132602836215,0.0,0.0
sell,41,18474.9,short,0.4194671289307991,7749.6132602836215,100,0.0004194671289307991,2020-11-23 08:00:00,7749.6132602836215,0.0,0.4194671289307991
buy,41,18365.13,short,0.4194671289307991,7749.6132602836215,100,7.795658167026356,2020-11-23 19:00:00,7787.86250885933,0.0,0.0
buy,42,18365.13,long,0.42363297435686376,7787.86250885933,100,7.78786250885933,2020-11-23 19:00:00,7780.07464635047,0.42363297435686376,0.0
sell,42,18632.29,long,0.42363297435686376,7787.86250885933,100,7.893365722856156,2020-11-24 09:00:00,7885.472357133299,0.0,0.0
sell,43,18632.29,short,0.42321541566459614,7885.472357133299,100,0.0004232154156645962,2020-11-24 09:00:00,7885.472357133299,0.0,0.42321541566459614
buy,43,19112.58,short,0.42321541566459614,7885.472357133299,100,7.682206225143751,2020-11-25 02:00:00,7674.524018918606,0.0,0.0
buy,44,19112.58,long,0.4011415253670455,7674.524018918606,100,7.674524018918606,2020-11-25 02:00:00,7666.849494899688,0.4011415253670455,0.0
sell,44,19299.14,long,0.4011415253670455,7674.524018918606,100,7.74176136974701,2020-11-25 11:00:00,7734.019608377263,0.0,0.0
sell,45,19299.14,short,0.4007442615773171,7734.019608377263,100,0.00040074426157731707,2020-11-25 11:00:00,7734.019608377263,0.0,0.4007442615773171
buy,45,18917.35,short,0.4007442615773171,7734.019608377263,100,7.887019760004867,2020-11-25 21:00:00,7879.132740244862,0.0,0.0
buy,46,18917.35,long,0.41608648185420355,7879.132740244862,100,7.879132740244862,2020-11-25 21:00:00,7871.253607504617,0.41608648185420355,0.0
sell,46,17418.72,long,0.41608648185420355,7879.132740244862,100,7.247069739335284,2020-11-27 01:00:00,7239.822669595948,0.0,0.0
sell,47,17418.72,short,0.41563459712286255,7239.822669595948,100,0.00041563459712286256,2020-11-27 01:00:00,7239.822669595948,0.0,0.41563459712286255
buy,47,16894.8,short,0.41563459712286255,7239.822669595948,100,7.457581947720559,2020-11-27 11:00:00,7450.124365772838,0.0,0.0
buy,48,16894.8,long,0.4405304733650037,7450.124365772838,100,7.450124365772838,2020-11-27 11:00:00,7442.674241407065,0.4405304733650037,0.0
sell,48,16976.59,long,0.4405304733650037,7450.124365772838,100,7.478741295878061,2020-11-27 23:00:00,7471.262554582183,0.0,0.0
sell,49,16976.59,short,0.4400920652841462,7471.262554582183,100,0.0004400920652841462,2020-11-27 23:00:00,7471.262554582183,0.0,0.4400920652841462
buy,49,19407.39,short,0.4400920652841462,7471.262554582183,100,6.40148676228948,2020-12-01 12:00:00,6395.085275527191,0.0,0.0
buy,50,19407.39,long,0.3291885302584049,6395.085275527191,100,6.395085275527191,2020-12-01 12:00:00,6388.690190251664,0.3291885302584049,0.0
sell,50,19051.69,long,0.3291885302584049,6395.085275527191,100,6.271480620468966,2020-12-02 10:00:00,6265.209139848498,0.0,0.0
sell,51,19051.69,short,0.32885319569279675,6265.209139848498,100,0.00032885319569279676,2020-12-02 10:00:00,6265.209139848498,0.0,0.32885319569279675
buy,51,18938.23,short,0.32885319569279675,6265.209139848498,100,6.302520823431802,2020-12-03 06:00:00,6296.21830260837,0.0,0.0
buy,52,18938.23,long,0.3321282973279848,6296.21830260837,100,6.29621830260837,2020-12-03 06:00:00,6289.922084305762,0.3321282973279848,0.0
sell,52,19214.44,long,0.3321282973279848,6296.21830260837,100,6.3817510702967155,2020-12-03 08:00:00,6375.369319226419,0.0,0.0
sell,53,19214.44,short,0.3318009434168479,6375.369319226419,100,0.0003318009434168479,2020-12-03 08:00:00,6375.369319226419,0.0,0.3318009434168479
buy,53,19278.53,short,0.3318009434168479,6375.369319226419,100,6.354104196762834,2020-12-04 03:00:00,6347.750092566071,0.0,0.0
buy,54,19278.53,long,0.32893598954243425,6347.750092566071,100,6.347750092566071,2020-12-04 03:00:00,6341.402342473504,0.32893598954243425,0.0
sell,54,18936.9,long,0.32893598954243425,6347.750092566071,100,6.228915453477127,2020-12-05 08:00:00,6222.6865380236495,0.0,0.0
sell,55,18936.9,short,0.32860111940305164,6222.6865380236495,100,0.00032860111940305166,2020-12-05 08:00:00,6222.6865380236495,0.0,0.32860111940305164
buy,55,19058.76,short,0.32860111940305164,6222.6865380236495,100,6.1826432056131955,2020-12-06 10:00:00,6176.460562407582,0.0,0.0
buy,56,19058.76,long,0.32375055364804295,6176.460562407582,100,6.176460562407582,2020-12-06 10:00:00,6170.2841018451745,0.32375055364804295,0.0
sell,56,19153.1,long,0.32375055364804295,6176.460562407582,100,6.200857302276763,2020-12-06 20:00:00,6194.656444974486,0.0,0.0
sell,57,19153.1,short,0.32342839775151205,6194.656444974486,100,0.0003234283977515121,2020-12-06 20:00:00,6194.656444974486,0.0,0.32342839775151205
buy,57,19237.8,short,0.32342839775151205,6194.656444974486,100,6.167262059684933,2020-12-07 13:00:00,6161.094797625248,0.0,0.0
buy,58,19237.8,long,0.31993958263562483,6161.094797625248,100,6.161094797625249,2020-12-07 13:00:00,6154.933702827623,0.31993958263562483,0.0
sell,58,19194.02,long,0.31993958263562483,6161.094797625248,100,6.140912726923933,2020-12-08 03:00:00,6134.771814197009,0.0,0.0
sell,59,19194.02,short,0.3196189132967981,6134.771814197009,100,0.0003196189132967981,2020-12-08 03:00:00,6134.771814197009,0.0,0.3196189132967981
buy,59,19069.37,short,0.3196189132967981,6134.771814197009,100,6.174612311739455,2020-12-08 09:00:00,6168.437699427716,0.0,0.0
buy,60,19069.37,long,0.3231501230364867,6168.437699427716,100,6.168437699427717,2020-12-08 09:00:00,6162.269261728288,0.3231501230364867,0.0
sell,60,18475.95,long,0.3231501230364867,6168.437699427716,100,5.970313560014263,2020-12-09 15:00:00,5964.343246454249,0.0,0.0
sell,61,18475.95,short,0.32281659381272676,5964.343246454249,100,0.00032281659381272677,2020-12-09 15:00:00,5964.343246454249,0.0,0.32281659381272676
buy,61,18308.14,short,0.32281659381272676,5964.343246454249,100,6.018515099061963,2020-12-10 07:00:00,6012.496583962901,0.0,0.0
buy,62,18308.14,long,0.3280772425477923,6012.496583962901,100,6.012496583962902,2020-12-10 07:00:00,6006.484087378938,0.3280772425477923,0.0
sell,62,18352.62,long,0.3280772425477923,6012.496583962901,100,6.021091570610696,2020-12-10 22:00:00,6015.070479040084,0.0,0.0
sell,63,18352.62,short,0.32774996044379956,6015.070479040084,100,0.0003277499604437996,2020-12-10 22:00:00,6015.070479040084,0.0,0.32774996044379956
buy,63,17990.3,short,0.32774996044379956,6015.070479040084,100,6.133820844708081,2020-12-11 04:00:00,6127.687023863374,0.0,0.0
buy,64,17990.3,long,0.34026999754531667,6127.687023863374,100,6.127687023863374,2020-12-11 04:00:00,6121.55933683951,0.34026999754531667,0.0
sell,64,18000.19,long,0.34026999754531667,6127.687023863374,100,6.124927975754148,2020-12-11 18:00:00,6118.803047778394,0.0,0.0
sell,65,18000.19,short,0.3399299145052577,6118.803047778394,100,0.00033992991450525775,2020-12-11 18:00:00,6118.803047778394,0.0,0.3399299145052577
buy,65,19108.48,short,0.3399299145052577,6118.803047778394,100,5.742062122831362,2020-12-13 23:00:00,5736.32006070853,0.0,0.0
buy,66,19108.48,long,0.2998974141662666,5736.32006070853,100,5.73632006070853,2020-12-13 23:00:00,5730.583740647821,0.2998974141662666,0.0
sell,66,19161.52,long,0.2998974141662666,5736.32006070853,100,5.746506221976529,2020-12-14 08:00:00,5740.759715754552,0.0,0.0
sell,67,19161.52,short,0.2995983468824265,5740.759715754552,100,0.00029959834688242647,2020-12-14 08:00:00,5740.759715754552,0.0,0.2995983468824265
buy,67,19225.12,short,0.2995983468824265,5740.759715754552,100,5.72170526089283,2020-12-14 09:00:00,5715.983555631937,0.0,0.0
buy,68,19225.12,long,0.2970211666858935,5715.983555631937,100,5.7159835556319365,2020-12-14 09:00:00,5710.2675720763045,0.2970211666858935,0.0
sell,68,19136.77,long,0.2970211666858935,5715.983555631937,100,5.683999483911442,2020-12-14 18:00:00,5678.3154844275305,0.0,0.0
sell,69,19136.77,short,0.2967227742418146,5678.3154844275305,100,0.0002967227742418146,2020-12-14 18:00:00,5678.3154844275305,0.0,0.2967227742418146
buy,69,19155.38,short,0.2967227742418146,5678.3154844275305,100,5.67279347359889,2020-12-15 09:00:00,5667.120680125291,0.0,0.0
buy,70,19155.38,long,0.2955542286002765,5667.120680125291,100,5.667120680125291,2020-12-15 09:00:00,5661.453559445165,0.2955542286002765,0.0
sell,70,19352.83,long,0.2955542286002765,5667.120680125291,100,5.719869157480325,2020-12-15 15:00:00,5714.149288322845,0.0,0.0
sell,71,19352.83,short,0.29526168980572065,5714.149288322845,100,0.00029526168980572063,2020-12-15 15:00:00,5714.149288322845,0.0,0.29526168980572065
buy,71,19377.56,short,0.29526168980572065,5714.149288322845,100,5.706847466733949,2020-12-16 05:00:00,5701.140619267215,0.0,0.0
buy,72,19377.56,long,0.29391933136307913,5701.140619267215,100,5.701140619267215,2020-12-16 05:00:00,5695.439478647948,0.29391933136307913,0.0
sell,72,19526.97,long,0.29391933136307913,5701.140619267215,100,5.73939792439265,2020-12-16 10:00:00,5733.658526468257,0.0,0.0
sell,73,19526.97,short,0.2936276609462839,5733.658526468257,100,0.0002936276609462839,2020-12-16 10:00:00,5733.658526468257,0.0,0.2936276609462839
buy,73,22771.5,short,0.2936276609462839,5733.658526468257,100,4.78097477169821,2020-12-18 01:00:00,4776.193796926512,0.0,0.0
buy,74,22771.5,long,0.20953462016685706,4776.193796926512,100,4.776193796926512,2020-12-18 01:00:00,4771.417603129586,0.20953462016685706,0.0
sell,74,23200.29,long,0.20953462016685706,4776.193796926512,100,4.861353889196999,2020-12-18 10:00:00,4856.492535307802,0.0,0.0
sell,75,23200.29,short,0.20932895818577277,4856.492535307802,100,0.00020932895818577278,2020-12-18 10:00:00,4856.492535307802,0.0,0.20932895818577277
buy,75,22576.76,short,0.20932895818577277,4856.492535307802,100,4.987015420605378,2020-12-18 14:00:00,4982.028405184772,0.0,0.0
buy,76,22576.76,long,0.22044998382316983,4982.028405184772,100,4.9820284051847725,2020-12-18 14:00:00,4977.046376779587,0.22044998382316983,0.0
sell,76,23051.25,long,0.22044998382316983,4982.028405184772,100,5.081752395622686,2020-12-18 23:00:00,5076.670643227063,0.0,0.0
sell,77,23051.25,short,0.2202340716111735,5076.670643227063,100,0.0002202340716111735,2020-12-18 23:00:00,5076.670643227063,0.0,0.2202340716111735
buy,77,23041.42,short,0.2202340716111735,5076.670643227063,100,5.078835544151001,2020-12-19 11:00:00,5073.75670860685,0.0,0.0
buy,78,23041.42,long,0.21998136190817422,5073.75670860685,100,5.07375670860685,2020-12-19 11:00:00,5068.682951898243,0.21998136190817422,0.0
sell,78,23080.0,long,0.21998136190817422,5073.75670860685,100,5.077178328216979,2020-12-19 13:00:00,5072.101149888762,0.0,0.0
sell,79,23080.0,short,0.21976174826207806,5072.101149888762,100,0.00021976174826207807,2020-12-19 13:00:00,5072.101149888762,0.0,0.21976174826207806
buy,79,23466.57,short,0.21976174826207806,5072.101149888762,100,4.98714785086309,2020-12-20 05:00:00,4982.160703012228,0.0,0.0
buy,80,23466.57,long,0.2120965502120342,4982.160703012228,100,4.9821607030122275,2020-12-20 05:00:00,4977.178542309215,0.2120965502120342,0.0
sell,80,23657.01,long,0.2120965502120342,4982.160703012228,100,5.017610641430716,2020-12-20 17:00:00,5012.593030789285,0.0,0.0
sell,81,23657.01,short,0.21188616104863994,5012.593030789285,100,0.00021188616104863994,2020-12-20 17:00:00,5012.593030789285,0.0,0.21188616104863994
buy,81,23882.9,short,0.21188616104863994,5012.593030789285,100,4.964730065870007,2020-12-21 03:00:00,4959.765335804137,0.0,0.0
buy,82,23882.9,long,0.20746247610082247,4959.765335804137,100,4.959765335804137,2020-12-21 03:00:00,4954.805570468333,0.20746247610082247,0.0
sell,82,23965.15,long,0.20746247610082247,4959.765335804137,100,4.971886439997155,2020-12-21 04:00:00,4966.914553557157,0.0,0.0
sell,83,23965.15,short,0.20725572564983555,4966.914553557157,100,0.00020725572564983554,2020-12-21 04:00:00,4966.914553557157,0.0,0.20725572564983555
buy,83,23450.21,short,0.20725572564983555,4966.914553557157,100,5.0736388169232844,2020-12-21 10:00:00,5068.565178106361,0.0,0.0
buy,84,23450.21,long,0.2159254272319205,5068.565178106361,100,5.068565178106361,2020-12-21 10:00:00,5063.496612928255,0.2159254272319205,0.0
sell,84,23185.82,long,0.2159254272319205,5068.565178106361,100,5.0063509435530325,2020-12-22 13:00:00,5001.344592609479,0.0,0.0
sell,85,23185.82,short,0.2157070395875358,5001.344592609479,100,0.0002157070395875358,2020-12-22 13:00:00,5001.344592609479,0.0,0.2157070395875358
buy,85,23500.75,short,0.2157070395875358,5001.344592609479,100,4.933411974632177,2020-12-23 09:00:00,4928.478562657545,0.0,0.0
buy,86,23500.75,long,0.2095060831715961,4928.478562657545,100,4.928478562657545,2020-12-23 09:00:00,4923.550084094887,0.2095060831715961,0.0
sell,86,23594.06,long,0.2095060831715961,4928.478562657545,100,4.943118665296831,2020-12-23 18:00:00,4938.175546631534,0.0,0.0
sell,87,23594.06,short,0.20929740564496038,4938.175546631534,100,0.00020929740564496038,2020-12-23 18:00:00,4938.175546631534,0.0,0.20929740564496038
buy,87,23614.34,short,0.20929740564496038,4938.175546631534,100,4.933930995245055,2020-12-23 19:00:00,4928.99706424981,0.0,0.0
buy,88,23614.34,long,0.20852024944104136,4928.99706424981,100,4.928997064249811,2020-12-23 19:00:00,4924.068067185561,0.20852024944104136,0.0
sell,88,23544.15,long,0.20852024944104136,4928.99706424981,100,4.909417380190299,2020-12-23 20:00:00,4904.507962810108,0.0,0.0
sell,89,23544.15,short,0.20831110754943832,4904.507962810108,100,0.00020831110754943833,2020-12-23 20:00:00,4904.507962810108,0.0,0.20831110754943832
buy,89,23487.23,short,0.20831110754943832,4904.507962810108,100,4.916365031051822,2020-12-23 21:00:00,4911.44866602077,0.0,0.0
buy,90,23487.23,long,0.20890233617820192,4911.44866602077,100,4.91144866602077,2020-12-23 21:00:00,4906.537217354749,0.20890233617820192,0.0
sell,90,23223.6,long,0.20890233617820192,4911.44866602077,100,4.851409166417152,2020-12-24 13:00:00,4846.5577572507345,0.0,0.0
sell,91,23223.6,short,0.20869106242144778,4846.5577572507345,100,0.00020869106242144778,2020-12-24 13:00:00,4846.5577572507345,0.0,0.20869106242144778
buy,91,27026.56,short,0.20869106242144778,4846.5577572507345,100,4.052913994504466,2020-12-27 19:00:00,4048.861080509961,0.0,0.0
buy,92,27026.56,long,0.14966063825471873,4048.861080509961,100,4.048861080509961,2020-12-27 19:00:00,4044.812219429451,0.14966063825471873,0.0
sell,92,26938.7,long,0.14966063825471873,4048.861080509961,100,4.031649873406368,2020-12-28 06:00:00,4027.618223532962,0.0,0.0
sell,93,26938.7,short,0.14951048950145931,4027.618223532962,100,0.00014951048950145933,2020-12-28 06:00:00,4027.618223532962,0.0,0.14951048950145931
buy,93,26837.01,short,0.14951048950145931,4027.618223532962,100,4.042821945210366,2020-12-28 21:00:00,4038.7791232651552,0.0,0.0
buy,94,26837.01,long,0.1503423944821681,4038.7791232651552,100,4.038779123265155,2020-12-28 21:00:00,4034.74034414189,0.1503423944821681,0.0
sell,94,26859.82,long,0.1503423944821681,4038.7791232651552,100,4.038173086902789,2020-12-29 14:00:00,4034.1349138158866,0.0,0.0
sell,95,26859.82,short,0.1501921797620344,4034.1349138158866,100,0.0001501921797620344,2020-12-29 14:00:00,4034.1349138158866,0.0,0.1501921797620344
buy,95,28539.6,short,0.1501921797620344,4034.1349138158866,100,3.781845094095217,2020-12-31 14:00:00,3778.0632490011217,0.0,0.0
buy,96,28539.6,long,0.1322473049990932,3778.0632490011217,100,3.778063249001122,2020-12-31 14:00:00,3774.2851857521205,0.1322473049990932,0.0
sell,96,29164.46,long,0.1322473049990932,3778.0632490011217,100,3.857003955523625,2020-12-31 23:00:00,3853.146951568101,0.0,0.0
sell,97,29164.46,short,0.1321178911444992,3853.146951568101,100,0.0001321178911444992,2020-12-31 23:00:00,3853.146951568101,0.0,0.1321178911444992
buy,97,29122.86,short,0.1321178911444992,3853.146951568101,100,3.858643055839712,2021-01-01 20:00:00,3854.784412783872,0.0,0.0
buy,98,29122.86,long,0.13223047559103357,3854.784412783872,100,3.854784412783872,2021-01-01 20:00:00,3850.9296283710883,0.13223047559103357,0.0
sell,98,29278.36,long,0.13223047559103357,3854.784412783872,100,3.8715120497468702,2021-01-02 01:00:00,3867.6405376971234,0.0,0.0
sell,99,29278.36,short,0.13209894740337652,3867.6405376971234,100,0.00013209894740337652,2021-01-02 01:00:00,3867.6405376971234,0.0,0.13209894740337652
buy,99,32935.64,short,0.13209894740337652,3867.6405376971234,100,3.3845176993377026,2021-01-03 18:00:00,3381.133181638365,0.0,0.0
buy,100,32935.64,long,0.10255613822766847,3381.133181638365,100,3.381133181638365,2021-01-03 18:00:00,3377.7520484567267,0.10255613822766847,0.0
sell,100,32469.62,long,0.10255613822766847,3381.133181638365,100,3.3299109958672792,2021-01-05 01:00:00,3326.5810848714123,0.0,0.0
sell,101,32469.62,short,0.10245211015316509,3326.5810848714123,100,0.00010245211015316509,2021-01-05 01:00:00,3326.5810848714123,0.0,0.10245211015316509
buy,101,31170.29,short,0.10245211015316509,3326.5810848714123,100,3.4597001851567244,2021-01-05 07:00:00,3456.2404849715676,0.0,0.0
buy,102,31170.29,long,0.11077164326949143,3456.2404849715676,100,3.4562404849715676,2021-01-05 07:00:00,3452.784244486596,0.11077164326949143,0.0
sell,102,31500.0,long,0.11077164326949143,3456.2404849715676,100,3.48934332206656,2021-01-05 14:00:00,3485.8539787444934,0.0,0.0
sell,103,31500.0,short,0.11066203107125376,3485.8539787444934,100,0.00011066203107125376,2021-01-05 14:00:00,3485.8539787444934,0.0,0.11066203107125376
buy,103,38755.01,short,0.11066203107125376,3485.8539787444934,100,2.6829998367022365,2021-01-08 05:00:00,2680.3168368655342,0.0,0.0
buy,104,38755.01,long,0.06909136444626562,2680.3168368655342,100,2.680316836865534,2021-01-08 05:00:00,2677.6365200286687,0.06909136444626562,0.0
sell,104,40758.94,long,0.06909136444626562,2680.3168368655342,100,2.8162293708342796,2021-01-08 11:00:00,2813.4131414634453,0.0,0.0
sell,105,40758.94,short,0.06902566998708615,2813.4131414634453,100,6.902566998708615e-05,2021-01-08 11:00:00,2813.4131414634453,0.0,0.06902566998708615
buy,105,40635.59,short,0.06902566998708615,2813.4131414634453,100,2.821927457856353,2021-01-09 00:00:00,2819.1055303984963,0.0,0.0
buy,106,40635.59,long,0.06930590708460485,2819.1055303984963,100,2.819105530398496,2021-01-09 00:00:00,2816.2864248680976,0.06930590708460485,0.0
sell,106,40631.27,long,0.06930590708460485,2819.1055303984963,100,2.8159867236482725,2021-01-09 12:00:00,2813.170736924624,0.0,0.0
sell,107,40631.27,short,0.06923659380877399,2813.170736924624,100,6.923659380877399e-05,2021-01-09 12:00:00,2813.170736924624,0.0,0.06923659380877399
buy,107,40521.26,short,0.06923659380877399,2813.170736924624,100,2.8207874546095275,2021-01-10 11:00:00,2817.9666671549176,0.0,0.0
buy,108,40521.26,long,0.06947337522297585,2817.9666671549176,100,2.8179666671549177,2021-01-10 11:00:00,2815.1487004877627,0.06947337522297585,0.0
sell,108,35487.44,long,0.06947337522297585,2817.9666671549176,100,2.465082168290645,2021-01-12 00:00:00,2462.6170861223545,0.0,0.0
sell,109,35487.44,short,0.0693940471931014,2462.6170861223545,100,6.93940471931014e-05,2021-01-12 00:00:00,2462.6170861223545,0.0,0.0693940471931014
buy,109,33399.06,short,0.0693940471931014,2462.6170861223545,100,2.6075382263994844,2021-01-12 15:00:00,2604.930688173085,0.0,0.0
buy,110,33399.06,long,0.07791613768426153,2604.930688173085,100,2.604930688173085,2021-01-12 15:00:00,2602.3257574849117,0.07791613768426153,0.0
sell,110,34330.0,long,0.07791613768426153,2604.930688173085,100,2.674933614557771,2021-01-13 10:00:00,2672.258680943213,0.0,0.0
sell,111,34330.0,short,0.07784033442887309,2672.258680943213,100,7.784033442887309e-05,2021-01-13 10:00:00,2672.258680943213,0.0,0.07784033442887309
buy,111,38706.52,short,0.07784033442887309,2672.258680943213,100,2.331588900508562,2021-01-15 04:00:00,2329.2573116080534,0.0,0.0
buy,112,38706.52,long,0.060117211629886785,2329.2573116080534,100,2.3292573116080533,2021-01-15 04:00:00,2326.928054296445,0.060117211629886785,0.0
sell,112,36571.36,long,0.060117211629886785,2329.2573116080534,100,2.198439700358839,2021-01-16 05:00:00,2196.24126065848,0.0,0.0
sell,113,36571.36,short,0.06005358457160138,2196.24126065848,100,6.005358457160138e-05,2021-01-16 05:00:00,2196.24126065848,0.0,0.06005358457160138
buy,113,36733.49,short,0.06005358457160138,2196.24126065848,100,2.1865047729918867,2021-01-16 21:00:00,2184.3182682188944,0.0,0.0
buy,114,36733.49,long,0.059404482121101915,2184.3182682188944,100,2.1843182682188944,2021-01-16 21:00:00,2182.1339499506757,0.059404482121101915,0.0
sell,114,35628.63,long,0.059404482121101915,2184.3182682188944,100,2.1164346144989037,2021-01-17 20:00:00,2114.318179884405,0.0,0.0
sell,115,35628.63,short,0.059343235479006766,2114.318179884405,100,5.934323547900677e-05,2021-01-17 20:00:00,2114.318179884405,0.0,0.059343235479006766
buy,115,35340.93,short,0.059343235479006766,2114.318179884405,100,2.1313912287317147,2021-01-18 06:00:00,2129.259837502983,0.0,0.0
buy,116,35340.93,long,0.06018886819519124,2129.259837502983,100,2.1292598375029828,2021-01-18 06:00:00,2127.13057766548,0.06018886819519124,0.0
sell,116,36214.05,long,0.06018886819519124,2129.259837502983,100,2.1797352869733735,2021-01-18 11:00:00,2177.5555516864,0.0,0.0
sell,117,36214.05,short,0.060130130479369194,2177.5555516864,100,6.0130130479369193e-05,2021-01-18 11:00:00,2177.5555516864,0.0,0.060130130479369194
buy,117,36466.3,short,0.060130130479369194,2177.5555516864,100,2.1623877262729794,2021-01-18 23:00:00,2160.2253385467066,0.0,0.0
buy,118,36466.3,long,0.059179711492752474,2160.2253385467066,100,2.1602253385467067,2021-01-18 23:00:00,2158.06511320816,0.059179711492752474,0.0
sell,118,36636.81,long,0.059179711492752474,2160.2253385467066,100,2.168165946648229,2021-01-19 00:00:00,2165.9977807015807,0.0,0.0
sell,119,36636.81,short,0.059120807207330026,2165.9977807015807,100,5.912080720733003e-05,2021-01-19 00:00:00,2165.9977807015807,0.0,0.059120807207330026
buy,119,36266.98,short,0.059120807207330026,2165.9977807015807,100,2.1878624288310675,2021-01-19 20:00:00,2185.6745664022365,0.0,0.0
buy,120,36266.98,long,0.060205975017380384,2185.6745664022365,100,2.1856745664022363,2021-01-19 20:00:00,2183.4888918358342,0.060205975017380384,0.0
sell,120,34998.91,long,0.060205975017380384,2185.6745664022365,100,2.107067079282992,2021-01-20 23:00:00,2104.960012203709,0.0,0.0
sell,121,34998.91,short,0.060143587677550785,2104.960012203709,100,6.0143587677550785e-05,2021-01-20 23:00:00,2104.960012203709,0.0,0.060143587677550785
buy,121,34264.19,short,0.060143587677550785,2104.960012203709,100,2.1491487089421595,2021-01-21 05:00:00,2146.9995602332174,0.0,0.0
buy,122,34264.19,long,0.06259749787381473,2146.9995602332174,100,2.1469995602332173,2021-01-21 05:00:00,2144.852560672984,0.06259749787381473,0.0
sell,122,31491.88,long,0.06259749787381473,2146.9995602332174,100,1.9711391779597154,2021-01-22 09:00:00,1969.1680387817557,0.0,0.0
sell,123,31491.88,short,0.06252938975957471,1969.1680387817557,100,6.252938975957471e-05,2021-01-22 09:00:00,1969.1680387817557,0.0,0.06252938975957471
buy,123,32889.28,short,0.06252938975957471,1969.1680387817557,100,1.8817894695317259,2021-01-23 07:00:00,1879.9076800621942,0.0,0.0
buy,124,32889.28,long,0.05710151673682526,1879.9076800621942,100,1.8799076800621943,2021-01-23 07:00:00,1878.027772382132,0.05710151673682526,0.0
sell,124,32500.0,long,0.05710151673682526,1879.9076800621942,100,1.8557770432176566,2021-01-24 04:00:00,1853.9212661744389,0.0,0.0
sell,125,32500.0,short,0.05704373126690581,1853.9212661744389,100,5.704373126690581e-05,2021-01-24 04:00:00,1853.9212661744389,0.0,0.05704373126690581
buy,125,32001.38,short,0.05704373126690581,1853.9212661744389,100,1.8823644114587434,2021-01-24 16:00:00,1880.4820470472848,0.0,0.0
buy,126,32001.38,long,0.058703767306292336,1880.4820470472848,100,1.880482047047285,2021-01-24 16:00:00,1878.6015650002375,0.058703767306292336,0.0
sell,126,32874.35,long,0.058703767306292336,1880.4820470472848,100,1.9298994906712825,2021-01-25 02:00:00,1927.9695911806114,0.0,0.0
sell,127,32874.35,short,0.05864662240259082,1927.9695911806114,100,5.864662240259082e-05,2021-01-25 02:00:00,1927.9695911806114,0.0,0.05864662240259082
buy,127,32705.02,short,0.05864662240259082,1927.9695911806114,100,1.937900223752042,2021-01-25 22:00:00,1935.96232352829,0.0,0.0
buy,128,32705.02,long,0.059135458752349386,1935.96232352829,100,1.9359623235282901,2021-01-25 22:00:00,1934.0263612047618,0.059135458752349386,0.0
sell,128,32247.38,long,0.059135458752349386,1935.96232352829,100,1.9069365200201522,2021-01-26 20:00:00,1905.029583500132,0.0,0.0
sell,129,32247.38,short,0.05907548407033787,1905.029583500132,100,5.907548407033787e-05,2021-01-26 20:00:00,1905.029583500132,0.0,0.05907548407033787
buy,129,31542.46,short,0.05907548407033787,1905.029583500132,100,1.9466730737309947,2021-01-27 06:00:00,1944.7264006572636,0.0,0.0
buy,130,31542.46,long,0.061592585811525366,1944.7264006572636,100,1.9447264006572638,2021-01-27 06:00:00,1942.7816742566063,0.061592585811525366,0.0
sell,130,30743.92,long,0.061592585811525366,1944.7264006572636,100,1.8935482974058198,2021-01-28 01:00:00,1891.6547491084139,0.0,0.0
sell,131,30743.92,short,0.0615293934250549,1891.6547491084139,100,6.15293934250549e-05,2021-01-28 01:00:00,1891.6547491084139,0.0,0.0615293934250549
buy,131,34645.92,short,0.0615293934250549,1891.6547491084139,100,1.6515670559638498,2021-01-29 22:00:00,1649.915488907886,0.0,0.0
buy,132,34645.92,long,0.047574593874804824,1649.915488907886,100,1.649915488907886,2021-01-29 22:00:00,1648.265573418978,0.047574593874804824,0.0
sell,132,34290.0,long,0.047574593874804824,1649.915488907886,100,1.6313158742679064,2021-01-30 14:00:00,1629.6845583936383,0.0,0.0
sell,133,34290.0,short,0.04752652547079727,1629.6845583936383,100,4.752652547079727e-05,2021-01-30 14:00:00,1629.6845583936383,0.0,0.04752652547079727
buy,133,33949.79,short,0.04752652547079727,1629.6845583936383,100,1.645853557624058,2021-01-31 04:00:00,1644.207704066434,0.0,0.0
buy,134,33949.79,long,0.04838214010638556,1644.207704066434,100,1.644207704066434,2021-01-31 04:00:00,1642.5634963623675,0.04838214010638556,0.0
sell,134,33608.78,long,0.04838214010638556,1644.207704066434,100,1.6260481874557822,2021-02-01 04:00:00,1624.4221392683264,0.0,0.0
sell,135,33608.78,short,0.04833326705903417,1624.4221392683264,100,4.8333267059034175e-05,2021-02-01 04:00:00,1624.4221392683264,0.0,0.04833326705903417
buy,135,34004.76,short,0.04833326705903417,1624.4221392683264,100,1.6052831321782899,2021-02-01 18:00:00,1603.6778490461115,0.0,0.0
buy,136,34004.76,long,0.04711323271203988,1603.6778490461115,100,1.6036778490461117,2021-02-01 18:00:00,1602.0741711970654,0.04711323271203988,0.0
sell,136,33916.23,long,0.04711323271203988,1603.6778490461115,100,1.5978990615954671,2021-02-02 05:00:00,1596.3011625338718,0.0,0.0
sell,137,33916.23,short,0.04706599650178901,1596.3011625338718,100,4.7065996501789015e-05,2021-02-02 05:00:00,1596.3011625338718,0.0,0.04706599650178901
buy,137,37681.49,short,0.04706599650178901,1596.3011625338718,100,1.4190854485455462,2021-02-04 13:00:00,1417.6663630970006,0.0,0.0
buy,138,37681.49,long,0.03758473183342548,1417.6663630970006,100,1.4176663630970006,2021-02-04 13:00:00,1416.2486967339037,0.03758473183342548,0.0
sell,138,37722.69,long,0.03758473183342548,1417.6663630970006,100,1.4177987377264334,2021-02-05 08:00:00,1416.380938988707,0.0,0.0
sell,139,37722.69,short,0.03754718815091678,1416.380938988707,100,3.754718815091678e-05,2021-02-05 08:00:00,1416.380938988707,0.0,0.03754718815091678
buy,139,39287.59,short,0.03754718815091678,1416.380938988707,100,1.3576233442513375,2021-02-07 00:00:00,1356.265720907086,0.0,0.0
buy,140,39287.59,long,0.03448695771835786,1356.265720907086,100,1.356265720907086,2021-02-07 00:00:00,1354.909455186179,0.03448695771835786,0.0
sell,140,38107.34,long,0.03448695771835786,1356.265720907086,100,1.3141654793632642,2021-02-08 04:00:00,1312.851313883901,0.0,0.0
sell,141,38107.34,short,0.0344514026401187,1312.851313883901,100,3.44514026401187e-05,2021-02-08 04:00:00,1312.851313883901,0.0,0.0344514026401187
buy,141,46747.83,short,0.0344514026401187,1312.851313883901,100,1.0151743138859817,2021-02-09 15:00:00,1014.1591395720958,0.0,0.0
buy,142,46747.83,long,0.021672556361065822,1014.1591395720958,100,1.014159139572096,2021-02-09 15:00:00,1013.1449804325237,0.021672556361065822,0.0
sell,142,47072.6,long,0.021672556361065822,1014.1591395720958,100,1.020190622203678,2021-02-09 19:00:00,1019.1704315814743,0.0,0.0
sell,143,47072.6,short,0.021651033331098652,1019.1704315814743,100,2.1651033331098654e-05,2021-02-09 19:00:00,1019.1704315814743,0.0,0.021651033331098652
buy,143,46309.88,short,0.021651033331098652,1019.1704315814743,100,1.0356841077237697,2021-02-10 04:00:00,1034.648423616046,0.0,0.0
buy,144,46309.88,long,0.022319508821712127,1034.648423616046,100,1.034648423616046,2021-02-10 04:00:00,1033.61377519243,0.022319508821712127,0.0
sell,144,45070.51,long,0.022319508821712127,1034.648423616046,100,1.005923955724597,2021-02-11 09:00:00,1004.9180317688723,0.0,0.0
sell,145,45070.51,short,0.022296575560579904,1004.9180317688723,100,2.2296575560579904e-05,2021-02-11 09:00:00,1004.9180317688723,0.0,0.022296575560579904
buy,145,47351.79,short,0.022296575560579904,1004.9180317688723,100,0.9540532998740328,2021-02-12 08:00:00,953.0992465741588,0.0,0.0
buy,146,47351.79,long,0.020107923002015016,953.0992465741588,100,0.9530992465741588,2021-02-12 08:00:00,952.1461473275846,0.020107923002015016,0.0
sell,146,47689.77,long,0.020107923002015016,953.0992465741588,100,0.9589490260225004,2021-02-12 21:00:00,957.9900769964779,0.0,0.0
sell,147,47689.77,short,0.020087957584959584,957.9900769964779,100,2.0087957584959585e-05,2021-02-12 21:00:00,957.9900769964779,0.0,0.020087957584959584
buy,147,47325.6,short,0.020087957584959584,957.9900769964779,100,0.9653055085101926,2021-02-13 10:00:00,964.3402030016824,0.0,0.0
buy,148,47325.6,long,0.020356337009962488,964.3402030016824,100,0.9643402030016824,2021-02-13 10:00:00,963.3758627986807,0.020356337009962488,0.0
sell,148,47658.8,long,0.020356337009962488,964.3402030016824,100,0.970165383811413,2021-02-14 01:00:00,969.1952184276016,0.0,0.0
sell,149,47658.8,short,0.020336122991506323,969.1952184276016,100,2.0336122991506322e-05,2021-02-14 01:00:00,969.1952184276016,0.0,0.020336122991506323
buy,149,49117.54,short,0.020336122991506323,969.1952184276016,100,0.9395301023749718,2021-02-14 23:00:00,938.5905722725968,0.0,0.0
buy,150,49117.54,long,0.019089962194774497,938.5905722725968,100,0.9385905722725968,2021-02-14 23:00:00,937.6519817003242,0.019089962194774497,0.0
sell,150,47985.38,long,0.019089962194774497,938.5905722725968,100,0.9160174555757638,2021-02-15 16:00:00,915.1014381201879,0.0,0.0
sell,151,47985.38,short,0.01907042182681867,915.1014381201879,100,1.907042182681867e-05,2021-02-15 16:00:00,915.1014381201879,0.0,0.01907042182681867
buy,151,48676.43,short,0.01907042182681867,915.1014381201879,100,0.9019228231167649,2021-02-16 19:00:00,901.020900293648,0.0,0.0
buy,152,48676.43,long,0.018491904180182366,901.020900293648,100,0.901020900293648,2021-02-16 19:00:00,900.1198793933543,0.018491904180182366,0.0
sell,152,49301.17,long,0.018491904180182366,901.020900293648,100,0.9116840758072953,2021-02-17 02:00:00,910.7723917314879,0.0,0.0
sell,153,49301.17,short,0.018473646603751757,910.7723917314879,100,1.8473646603751757e-05,2021-02-17 02:00:00,910.7723917314879,0.0,0.018473646603751757
buy,153,51781.62,short,0.018473646603751757,910.7723917314879,100,0.8649494350132118,2021-02-18 10:00:00,864.0844855781986,0.0,0.0
buy,154,51781.62,long,0.01667040160374705,864.0844855781986,100,0.8640844855781986,2021-02-18 10:00:00,863.2204010926204,0.01667040160374705,0.0
sell,154,51770.0,long,0.01667040160374705,864.0844855781986,100,0.8630264971220142,2021-02-18 20:00:00,862.163470624892,0.0,0.0
sell,155,51770.0,short,0.01665372746039969,862.163470624892,100,1.665372746039969e-05,2021-02-18 20:00:00,862.163470624892,0.0,0.01665372746039969
buy,155,52152.45,short,0.01665372746039969,862.163470624892,100,0.8557942525576623,2021-02-18 21:00:00,854.9384583051046,0.0,0.0
buy,156,52152.45,long,0.01637667108346395,854.9384583051046,100,0.8549384583051046,2021-02-18 21:00:00,854.0835198467995,0.01637667108346395,0.0
sell,156,52045.9,long,0.01637667108346395,854.9384583051046,100,0.8523368388618716,2021-02-18 22:00:00,851.4845020230097,0.0,0.0
sell,157,52045.9,short,0.016360260885545444,851.4845020230097,100,1.6360260885545445e-05,2021-02-18 22:00:00,851.4845020230097,0.0,0.016360260885545444
buy,157,51514.42,short,0.016360260885545444,851.4845020230097,100,0.8601796534784594,2021-02-19 01:00:00,859.319473824981,0.0,0.0
buy,158,51514.42,long,0.016664463161016975,859.319473824981,100,0.859319473824981,2021-02-19 01:00:00,858.460154351156,0.016664463161016975,0.0
sell,158,52658.03,long,0.016664463161016975,859.319473824981,100,0.8775368777901658,2021-02-19 10:00:00,876.6593409123756,0.0,0.0
sell,159,52658.03,short,0.01664816061125674,876.6593409123756,100,1.6648160611256737e-05,2021-02-19 10:00:00,876.6593409123756,0.0,0.01664816061125674
buy,159,55886.21,short,0.01664816061125674,876.6593409123756,100,0.8229160817903287,2021-02-21 01:00:00,822.0931657085383,0.0,0.0
buy,160,55886.21,long,0.014695415426145908,822.0931657085383,100,0.8220931657085383,2021-02-21 01:00:00,821.2710725428298,0.014695415426145908,0.0
sell,160,56571.78,long,0.014695415426145908,822.0931657085383,100,0.8313558933173071,2021-02-21 09:00:00,830.5245374239897,0.0,0.0
sell,161,56571.78,short,0.014680898098380319,830.5245374239897,100,1.4680898098380319e-05,2021-02-21 09:00:00,830.5245374239897,0.0,0.014680898098380319
buy,161,56920.68,short,0.014680898098380319,830.5245374239897,100,0.8254023720774648,2021-02-22 02:00:00,824.5769697053872,0.0,0.0
buy,162,56920.68,long,0.014471935204141655,824.5769697053872,100,0.8245769697053873,2021-02-22 02:00:00,823.7523927356818,0.014471935204141655,0.0
sell,162,48526.33,long,0.014471935204141655,824.5769697053872,100,0.7021482993614211,2021-02-24 01:00:00,701.4461510620597,0.0,0.0
sell,163,48526.33,short,0.01445495983442514,701.4461510620597,100,1.445495983442514e-05,2021-02-24 01:00:00,701.4461510620597,0.0,0.01445495983442514
buy,163,49393.64,short,0.01445495983442514,701.4461510620597,100,0.6889092198480645,2021-02-24 17:00:00,688.2203106282165,0.0,0.0
buy,164,49393.64,long,0.013919445708346018,688.2203106282165,100,0.6882203106282164,2021-02-24 17:00:00,687.5320903175882,0.013919445708346018,0.0
sell,164,50680.53,long,0.013919445708346018,688.2203106282165,100,0.7054628165314155,2021-02-25 03:00:00,704.7573537148841,0.0,0.0
sell,165,50680.53,short,0.013905879707944728,704.7573537148841,100,1.390587970794473e-05,2021-02-25 03:00:00,704.7573537148841,0.0,0.013905879707944728
buy,165,49472.8,short,0.013905879707944728,704.7573537148841,100,0.7215519018145601,2021-02-25 20:00:00,720.8303499127455,0.0,0.0
buy,166,49472.8,long,0.014555665326458838,720.8303499127455,100,0.7208303499127455,2021-02-25 20:00:00,720.1095195628328,0.014555665326458838,0.0
sell,166,47661.57,long,0.014555665326458838,720.8303499127455,100,0.6937194718058337,2021-02-26 16:00:00,693.0257523340279,0.0,0.0
sell,167,47661.57,short,0.014540556518260474,693.0257523340279,100,1.4540556518260474e-05,2021-02-26 16:00:00,693.0257523340279,0.0,0.014540556518260474
buy,167,46362.02,short,0.014540556518260474,693.0257523340279,100,0.7119219325573334,2021-02-27 00:00:00,711.210010624776,0.0,0.0
buy,168,46362.02,long,0.015325018207018402,711.210010624776,100,0.7112100106247761,2021-02-27 00:00:00,710.4988006141513,0.015325018207018402,0.0
sell,168,47440.0,long,0.015325018207018402,711.210010624776,100,0.7270354003406796,2021-02-27 04:00:00,726.3083649403388,0.0,0.0
sell,169,47440.0,short,0.015310041419484376,726.3083649403388,100,1.5310041419484376e-05,2021-02-27 04:00:00,726.3083649403388,0.0,0.015310041419484376
buy,169,47116.18,short,0.015310041419484376,726.3083649403388,100,0.7312660625527962,2021-02-27 18:00:00,730.5347964902435,0.0,0.0
buy,170,47116.18,long,0.015489461617935775,730.5347964902435,100,0.7305347964902434,2021-02-27 18:00:00,729.8042616937532,0.015489461617935775,0.0
sell,170,45285.97,long,0.015489461617935775,730.5347964902435,100,0.7014269168010984,2021-02-28 23:00:00,700.7254898842973,0.0,0.0
sell,171,45285.97,short,0.015473346157414698,700.7254898842973,100,1.54733461574147e-05,2021-02-28 23:00:00,700.7254898842973,0.0,0.015473346157414698
buy,171,48900.0,short,0.015473346157414698,700.7254898842973,100,0.6448043526710159,2021-03-02 09:00:00,644.1595483183448,0.0,0.0
buy,172,48900.0,long,0.013159823901227535,644.1595483183448,100,0.6441595483183449,2021-03-02 09:00:00,643.5153887700264,0.013159823901227535,0.0
sell,172,48749.78,long,0.013159823901227535,644.1595483183448,100,0.64153654117599,2021-03-03 04:00:00,640.895004634814,0.0,0.0
sell,173,48749.78,short,0.013146623525989533,640.895004634814,100,1.3146623525989534e-05,2021-03-03 04:00:00,640.895004634814,0.0,0.013146623525989533
buy,173,50393.0,short,0.013146623525989533,640.895004634814,100,0.6192922099244375,2021-03-04 00:00:00,618.672917714513,0.0,0.0
buy,174,50393.0,long,0.012264684475954963,618.672917714513,100,0.618672917714513,2021-03-04 00:00:00,618.0542447967985,0.012264684475954963,0.0
